﻿<?xml version="1.0" encoding="utf-8"?>
<COMTRADE>
  <Devices>
    <Device devId="myDevId">
      <Channel_Sets>
        <Channel_Set chanId="myChanId">
          <Total_Channels>10</Total_Channels>
          <Total_Analog_Channels>7</Total_Analog_Channels>
          <Total_Digital_Channels>3</Total_Digital_Channels>
          <Digital_Channel>
            <Digital_Channel>
              <Index>1</Index>
              <ID>PHS-STFWL1</ID>
              <Phase></Phase>
              <CCBM></CCBM>
              <Normal_State>0</Normal_State>
            </Digital_Channel>
            <Digital_Channel>
              <Index>2</Index>
              <ID>PHS-STFWL2</ID>
              <Phase></Phase>
              <CCBM></CCBM>
              <Normal_State>0</Normal_State>
            </Digital_Channel>
            <Digital_Channel>
              <Index>3</Index>
              <ID>PHS-STFWPE</ID>
              <Phase></Phase>
              <CCBM></CCBM>
              <Normal_State>0</Normal_State>
            </Digital_Channel>
          </Digital_Channel>
          <Analog_Channels>
            <Analog_Channel>
              <Index>1</Index>
              <ID>LINE_A_IL1</ID>
              <Phase></Phase>
              <CCBM></CCBM>
              <Unit>A</Unit>
              <Multiplier>0.2304583</Multiplier>
              <Offset>0</Offset>
              <Skew>0</Skew>
              <Min>-99998</Min>
              <Max>99998</Max>
              <Primary_Ratio>2000</Primary_Ratio>
              <Secondary_Ratio>1</Secondary_Ratio>
              <Primary_or_Secondary_Indicator>P</Primary_or_Secondary_Indicator>
            </Analog_Channel>
            <Analog_Channel>
              <Index>2</Index>
              <ID>LINE_A_IL2</ID>
              <Phase></Phase>
              <CCBM></CCBM>
              <Unit>A</Unit>
              <Multiplier>0.02245825</Multiplier>
              <Offset>0</Offset>
              <Skew>0</Skew>
              <Min>-99998</Min>
              <Max>99998</Max>
              <Primary_Ratio>2000</Primary_Ratio>
              <Secondary_Ratio>1</Secondary_Ratio>
              <Primary_or_Secondary_Indicator>P</Primary_or_Secondary_Indicator>
            </Analog_Channel>
            <Analog_Channel>
              <Index>3</Index>
              <ID>LINE_A_IL3</ID>
              <Phase></Phase>
              <CCBM></CCBM>
              <Unit>A</Unit>
              <Multiplier>0.02123585</Multiplier>
              <Offset>0</Offset>
              <Skew>0</Skew>
              <Min>-99998</Min>
              <Max>99998</Max>
              <Primary_Ratio>2000</Primary_Ratio>
              <Secondary_Ratio>1</Secondary_Ratio>
              <Primary_or_Secondary_Indicator>P</Primary_or_Secondary_Indicator>
            </Analog_Channel>
            <Analog_Channel>
              <Index>4</Index>
              <ID>LINE_A_IN</ID>
              <Phase></Phase>
              <CCBM></CCBM>
              <Unit>A</Unit>
              <Multiplier>0.2180901</Multiplier>
              <Offset>0</Offset>
              <Skew>0</Skew>
              <Min>-99998</Min>
              <Max>99998</Max>
              <Primary_Ratio>2000</Primary_Ratio>
              <Secondary_Ratio>1</Secondary_Ratio>
              <Primary_or_Secondary_Indicator>P</Primary_or_Secondary_Indicator>
            </Analog_Channel>
            <Analog_Channel>
              <Index>5</Index>
              <ID>LINE_UL1</ID>
              <Phase></Phase>
              <CCBM></CCBM>
              <Unit>V</Unit>
              <Multiplier>3.244896</Multiplier>
              <Offset>0</Offset>
              <Skew>0</Skew>
              <Min>-99998</Min>
              <Max>99998</Max>
              <Primary_Ratio>400000</Primary_Ratio>
              <Secondary_Ratio>110</Secondary_Ratio>
              <Primary_or_Secondary_Indicator>P</Primary_or_Secondary_Indicator>
            </Analog_Channel>
            <Analog_Channel>
              <Index>6</Index>
              <ID>LINE_UL2</ID>
              <Phase></Phase>
              <CCBM></CCBM>
              <Unit>V</Unit>
              <Multiplier>3.389756</Multiplier>
              <Offset>0</Offset>
              <Skew>0</Skew>
              <Min>-99998</Min>
              <Max>99998</Max>
              <Primary_Ratio>400000</Primary_Ratio>
              <Secondary_Ratio>110</Secondary_Ratio>
              <Primary_or_Secondary_Indicator>P</Primary_or_Secondary_Indicator>
            </Analog_Channel>
            <Analog_Channel>
              <Index>7</Index>
              <ID>LINE_UL3</ID>
              <Phase></Phase>
              <CCBM></CCBM>
              <Unit>V</Unit>
              <Multiplier>3.212939</Multiplier>
              <Offset>0</Offset>
              <Skew>0</Skew>
              <Min>-99998</Min>
              <Max>99998</Max>
              <Primary_Ratio>400000</Primary_Ratio>
              <Secondary_Ratio>110</Secondary_Ratio>
              <Primary_or_Secondary_Indicator>P</Primary_or_Secondary_Indicator>
            </Analog_Channel>
          </Analog_Channels>
        </Channel_Set>
      </Channel_Sets>
      <Station_Name>Substation85</Station_Name>
      <Device_Name>Device85</Device_Name>
      <Line_Frequency>50</Line_Frequency>
    </Device>
  </Devices>
  <Records>
    <RECORD>
      <CFG devId="myDevId" chanId="myChanId">
        <Rev_Year>2013</Rev_Year>
        <Sampling_Rate_Information>
          <Number_Of_Rates>1</Number_Of_Rates>
          <Sampling_Rate>
            <Rate>1000</Rate>
            <Last_Sample_Number>1300</Last_Sample_Number>
          </Sampling_Rate>
        </Sampling_Rate_Information>
        <DateTime_Stamps>
          <Start_DateTime>21/07/2014 17:18:43.143033</Start_DateTime>
          <Trigger_DateTime>21/07/2014 17:18:43.443032</Trigger_DateTime>
        </DateTime_Stamps>
        <DAT_File_Type>BINARY32</DAT_File_Type>
        <Time_Stamp_Multiplication_Factor>1</Time_Stamp_Multiplication_Factor>
        <Time_Information>
          <Time_Code />
          <Local_Code />
        </Time_Information>
        <Time_Quality>
          <Time_Quality_Indicator_Code />
          <Leap_Second_Indicator>0</Leap_Second_Indicator>
        </Time_Quality>
      </CFG>
      <DAT>
        <Files>
          <File>0_TestRecord_XML2.DAT</File>
        </Files>
      </DAT>
      <HDR />
      <INF />
    </RECORD>
    <RECORD>
      <CFG devId="myDevId" chanId="myChanId">
        <Rev_Year>2013</Rev_Year>
        <Sampling_Rate_Information>
          <Number_Of_Rates>1</Number_Of_Rates>
          <Sampling_Rate>
            <Rate>1000</Rate>
            <Last_Sample_Number>1300</Last_Sample_Number>
          </Sampling_Rate>
        </Sampling_Rate_Information>
        <DateTime_Stamps>
          <Start_DateTime>21/07/2014 17:18:43.143033</Start_DateTime>
          <Trigger_DateTime>21/07/2014 17:18:43.443032</Trigger_DateTime>
        </DateTime_Stamps>
        <DAT_File_Type>BINARY32</DAT_File_Type>
        <Time_Stamp_Multiplication_Factor>1</Time_Stamp_Multiplication_Factor>
        <Time_Information>
          <Time_Code />
          <Local_Code />
        </Time_Information>
        <Time_Quality>
          <Time_Quality_Indicator_Code />
          <Leap_Second_Indicator>0</Leap_Second_Indicator>
        </Time_Quality>
      </CFG>
      <DAT>
        <Files>
          <File>1_TestRecord_XML2.DAT</File>
        </Files>
      </DAT>
      <HDR />
      <INF />
    </RECORD>
  </Records>
</COMTRADE>